Timestamp,Keyword,Search Results,Category
1716595375,dfdf,1,illustrations
1716593474,asian businesswoman in quarry,9,illustrations
1716593129,black businesswoman in quarry,22,illustrations
1716593474,asian businesswoman in quarry,23,photos
1716593129,black businesswoman in quarry,56,photos
1716611573,yeye,72,illustrations
1716593474,asian businesswoman in park,307,illustrations
1716593129,black businesswoman in park,336,illustrations
1716593188,businesswoman in quarry,550,illustrations
1716612037,kalle,2027,illustrations
1716593188,businesswoman in park,3252,illustrations
1716608288,prankster,3952,illustrations
1716595739,reek,5943,illustrations
1716593129,black businesswoman in park,8590,photos
1716593474,asian businesswoman in park,13849,photos
1716595413,w,58221,illustrations
1716595362,w,58221,illustrations
1716595142,w,58221,illustrations
1716595365,w,58221,illustrations
1716595722,w,58221,illustrations
