Timestamp,Keyword,Search Results
1716591725,b,901705
1716591725,w,520082
1716591725,y,218464
1716593129,black businesswoman in park,8590,photos
1716593129,black businesswoman in park,336,illustrations
1716593129,black businesswoman in quarry,56,photos
1716593129,black businesswoman in quarry,22,illustrations
1716593188,businesswoman in park,3252,illustrations
1716593188,businesswoman in quarry,550,illustrations
1716593474,asian businesswoman in park,13849,photos
1716593474,asian businesswoman in park,307,illustrations
1716593474,asian businesswoman in quarry,23,photos
1716593474,asian businesswoman in quarry,9,illustrations
1716595142,b,94693,illustrations
1716595142,w,58221,illustrations
1716595142,h,93782,illustrations
1716595348,b,438869,photos
1716595348,w,233040,photos
1716595348,h,68441,photos
1716595360,b,438869,photos
1716595360,w,233040,photos
1716595360,h,68441,photos
1716595362,b,94693,illustrations
1716595362,w,58221,illustrations
1716595362,h,93782,illustrations
1716595366,b,438869,photos
1716595366,b,94693,illustrations
1716595365,w,233040,photos
1716595365,w,58221,illustrations
1716595366,h,68441,photos
1716595365,h,93782,illustrations
1716595375,dfdf,1,illustrations
1716595414,b,94693,illustrations
1716595413,w,58221,illustrations
1716595414,h,93782,illustrations
1716595722,b,94693,illustrations
1716595722,w,58221,illustrations
1716595722,h,93782,illustrations
1716595739,reek,5943,illustrations
1716595917,ape,153270,illustrations
1716595927,ape,153270,illustrations
1716596120,nortura,H1 tag not found.,illustrations
1716596134,nortura,H1 tag not found.,illustrations
1716596197,nortura,H1 tag not found.,illustrations
1716597030,fgfg,H1 tag not found.,illustrations
1716598361,dddddddddddddddddddddddddddddddddddd,H1 tag not found.,photos
1716598361,dddddddddddddddddddddddddddddddddddd,H1 tag not found.,illustrations
1716601292,beach,2736609,illustrations
1716602668,volume,188800,illustrations
1716608288,prankster,3952,illustrations
1716611573,yeye,72,illustrations
1716612037,kalle,2027,illustrations
1716615042,italia,1082682,illustrations
