Timestamp,Keyword,Page,Result Number,Title,Category
1716610402,hakuna,1,1,Sailboat at the diani beach in Kenya. Beautiful view on ocean,photos
1716610402,hakuna,1,2,Interracial frendship,photos
1716610402,hakuna,1,3,Dangling pareos at the galu beach in Kenya. Beautiful view on ocean.,photos
1716610402,hakuna,1,4,"Colorful sign with the writing ""Hakuna Matata"" on sandy beach at sunny day,relax and summer concept.",photos
1716610402,hakuna,1,5,"Birder looking for birds along trail through the upland rainforest of the Hacienda Hakuna Matata near Archidona, Ecuador.",photos
1716610402,hakuna,1,6,Diani beach in Kenya. Beautiful view on beach and palm tree.,photos
1716610402,hakuna,1,7,"Handwritten Hakuna Matata ( no trouble) on sandy beach at sunset,relax and summer concept, Zanzibar , African beach, Tanzania.",photos
1716610402,hakuna,1,8,Hakuna Matata,photos
1716610402,hakuna,1,9,Hakuna Matata !,photos
1716610402,hakuna,1,10,Hakuna Matata Surfboard,photos
1716610402,hakuna,1,11,"Cafeteria Hakuna Matata in Las Enramadas, Santiago de Cuba, Cuba",photos
1716610402,hakuna,1,12,Hakuna matata,photos
1716610402,hakuna,1,13,Road sign wth text from Kenya/Africa.,photos
1716610402,hakuna,1,14,Hakuna Matata,photos
1716610402,hakuna,1,15,Sailboat at the diani beach in Kenya. Beautiful view on ocean,photos
1716610402,hakuna,1,16,Dangling pareos at the galu beach in Kenya. Beautiful view on ocean.,photos
1716610402,hakuna,1,17,Old boat at the diani beach in Kenya. Beautiful view on beach and palm tree.,photos
1716610402,hakuna,1,18,FACOCERO,photos
1716610402,hakuna,1,19,Hakuna Matata. Remember to find joy in the simple things,photos
1716610402,hakuna,1,20,"May 23 2023 - Arbatax, Sardinia, Italy: people at the hakuna matata beach with white sand and crystal clear water",photos
1716610402,hakuna,1,21,"3D rendering of Timon and Pumbaa's oasis paradise. Depict lush greenery, vibrant colors, and the carefree spirit of ""Hakuna Matata",photos
1716610402,hakuna,1,22,"3D rendering of Timon and Pumbaa's oasis paradise. Depict lush greenery, vibrant colors, and the carefree spirit of ""Hakuna Matata",photos
1716610402,hakuna,1,23,Hakuna Hallowen,photos
1716610402,hakuna,1,24,"Hakuna matata. Shot of a warthog in its natural habitat, South Africa.",photos
1716610402,hakuna,1,25,Hakuna matata Timon and Pumbaa.,photos
1716610402,hakuna,1,26,Hakuna Matata,photos
1716610402,hakuna,1,27,Ski Mountain View in Hakuna Japan,photos
1716610402,hakuna,1,28,"New York, USA - 26 October 2020: Hakuna Live Streaming mobile app logo on phone screen close up, Illustrative Editorial",photos
1716610402,hakuna,1,29,Sleeping Warthog,photos
1716610402,hakuna,1,30,Warthog Close Up,photos
1716610402,hakuna,1,31,Slumbering Warthog,photos
1716610402,hakuna,1,32,"Zanzibar Beaches, Hakuna Matata",photos
1716610402,hakuna,1,33,"Zanzibar Beaches, Hakuna Matata",photos
1716610402,hakuna,1,34,"Zanzibar Beaches, Hakuna Matata",photos
1716610402,hakuna,1,35,"Zanzibar Beaches, Hakuna Matata",photos
1716610402,hakuna,1,36,"Zanzibar Beaches, Hakuna Matata",photos
1716610402,hakuna,1,37,"Zanzibar Beaches, Hakuna Matata",photos
1716610402,hakuna,1,38,"Zanzibar Beaches, Hakuna Matata",photos
1716610402,hakuna,1,39,"Zanzibar Beaches, Hakuna Matata",photos
1716610402,hakuna,1,40,"Zanzibar Beaches, Hakuna Matata",photos
1716610402,hakuna,1,41,"Zanzibar Beaches, Hakuna Matata",photos
1716610402,hakuna,1,42,"Zanzibar Beaches, Hakuna Matata",photos
1716610402,hakuna,1,43,"Zanzibar Beaches, Hakuna Matata",photos
1716610402,hakuna,1,44,Swahili word concept on cubes,photos
1716610402,hakuna,1,45,"Shoreline of Inchillaqui River near Hacienda Hakuna Matata lodge in upland rainforest of Ecuador. Inchillaqui is tributary of Tena, Napo, and ultimately the Amazon River.",photos
1716610402,hakuna,1,46,hyena drinking water,photos
1716610402,hakuna,1,47,hyena drinking water,photos
1716610402,hakuna,1,48,Hakuna Matata,photos
1716610402,hakuna,1,49,"Upland rainforest growth along the shore of the Inchillaqui River near Archidona, Ecuador. Shoreline is part of the River Trail of the Hacienda Hakuna Matata eco-lodge.",photos
1716610402,hakuna,1,50,Hakuna Matata,photos
1716610402,hakuna,1,51,Sailboat at the diani beach in Kenya. Beautiful view on ocean,photos
1716610402,hakuna,1,52,Dangling pareos at the galu beach in Kenya. Beautiful view on ocean.,photos
1716610402,hakuna,1,53,Sailboat at the diani beach in Kenya. Beautiful view on ocean,photos
1716610402,hakuna,1,54,Sailboat at the diani beach in Kenya. Beautiful view on ocean,photos
1716610402,hakuna,1,55,"minimalistic pattern of Hakuna mata. plants, algae, shells.",photos
1716610402,hakuna,1,56,Hakuna Matata,photos
1716610402,hakuna,1,57,Hakuna Matata - no worries in Swahili Language,photos
1716610402,hakuna,1,58,Hakuna Matata,photos
1716610402,hakuna,1,59,Black and white hands and African bracelets,photos
1716610402,hakuna,1,60,Hakuna Matata - oder zwei HÃ¤ngebauchschweine halten Mittagsruhe,photos
1716610402,hakuna,1,1,Japanese-style painting with brush strokes of Lion with colorful hair.,illustrations
1716610402,hakuna,1,2,Japanese-style painting with brush strokes of Lion with colorful hair.,illustrations
1716610402,hakuna,1,3,Isolated lion man with human body on white.,illustrations
1716610402,hakuna,1,4,"minimalistic white pattern of Hakuna mata. plants, algae, shells.",illustrations
1716610402,hakuna,1,5,minimalistic pattern of Hakuna mata.,illustrations
1716610402,hakuna,1,6,"minimalistic pattern of Hakuna mata. plants, algae, shells.",illustrations
1716610402,hakuna,1,7,"minimalistic pattern of Hakuna mata. plants, algae, shells.",illustrations
